0,0
1,1
2,1
3,1
4,1
5,1
6,1
7,1
8,1
9,1
10,1
11,1
12,1
13,0
14,0
15,1
16,1
17,1
18,1
19,0
20,1
21,1
22,1
23,1
24,1
25,1
26,1
27,0
28,0
29,1
30,1
31,1
32,1
33,0
34,0
35,0
36,0
37,1
38,1
39,1
40,1
41,1
42,2
43,9
44,9
45,9
46,9
47,9
48,9
49,9
50,9
51,9
52,2
53,9
54,2
55,2
56,14
57,13
58,11
59,11
60,11
61,19
62,15
63,11
64,21
65,19
66,11
67,11
68,19
69,11
70,11
71,11
72,11
73,11
74,11
75,11
76,11
77,2
78,2
79,2
80,2
81,2
82,2
83,2
84,2
85,2
86,2
87,2
88,2
89,2
90,2
91,2
92,2
93,2
94,2
95,2
96,2
97,2
98,2
99,2
100,2
101,2
102,2
103,2
104,2
105,2
106,2
107,2
108,2
109,2
110,2
111,2
112,2
113,2
114,2
115,2
116,2
117,2
118,2
119,2
120,2
121,2
122,2
123,2
124,2
125,2
126,2
127,2
128,2
129,2
130,2
131,2
132,2
133,2
134,2
135,2
136,2
137,2
138,2
139,0
140,14
141,14
142,14
143,14
144,20
145,14
146,14
147,0
148,0
149,0
150,2
151,2
152,2
153,13
154,13
155,13
156,13
157,3
158,13
159,2
160,13
161,3
162,1
163,2
164,1
165,1
166,1
167,1
168,13
169,2
170,13
171,13
172,1
173,1
174,13
175,1
176,13
177,0
178,13
179,1
180,2
181,21
182,2
183,36
184,36
185,36
186,21
187,21
188,21
189,21
190,21
191,21
192,21
193,21
194,21
195,21
196,21
197,21
198,21
199,21
200,21
201,21
202,36
203,36
204,36
205,36
206,36
207,36
208,36
209,36
210,36
211,36
212,36
213,36
214,36
215,36
216,36
217,36
218,36
219,36
220,36
221,36
222,36
223,36
224,36
225,36
226,36
227,36
228,36
229,36
230,36
231,36
232,36
233,36
234,36
235,36
236,36
237,36
238,36
239,36
240,36
241,36
242,36
243,37
244,37
245,37
246,37
247,21
248,42
249,42
250,37
251,42
252,37
253,37
254,42
255,37
256,37
257,37
258,37
259,37
260,37
261,37
262,37
263,37
264,37
265,37
266,37
267,37
268,37
269,37
270,37
271,4
272,4
273,4
274,4
275,4
276,36
277,46
278,36
279,4
280,36
281,36
282,36
283,4
284,4
285,4
286,4
287,4
288,4
289,4
290,4
291,4
292,4
293,4
294,4
295,4
296,4
297,4
298,13
299,13
300,13
301,13
302,13
303,13
304,13
305,13
306,13
307,13
308,13
309,13
310,13
311,0
312,26
313,4
314,26
315,13
316,13
317,13
318,13
319,13
320,13
321,13
322,9
323,21
324,21
325,9
326,9
327,33
328,13
329,3
330,19
331,19
332,19
333,19
334,19
335,19
336,19
337,19
338,37
339,19
340,19
341,4
342,21
343,19
344,19
345,19
346,19
347,19
348,37
349,19
350,19
351,19
352,19
353,19
354,19
355,19
356,19
357,19
358,19
359,19
360,19
361,19
362,19
363,19
364,19
365,19
366,19
367,19
368,19
369,19
370,19
371,19
372,19
373,19
374,19
375,19
376,19
377,19
378,19
379,19
380,19
381,19
382,19
383,19
384,19
385,27
386,42
387,9
388,3
389,3
390,27
391,27
392,3
393,25
394,27
395,13
396,3
397,3
398,3
399,3
400,52
401,52
402,27
403,3
404,5
405,9
406,3
407,4
408,4
409,4
410,0
411,18
412,13
413,3
414,22
415,3
416,3
417,3
418,3
419,3
420,22
421,18
422,18
423,42
424,42
425,42
426,42
427,21
428,19
429,21
430,21
431,21
432,19
433,19
434,19
435,37
436,37
437,19
438,19
439,19
440,37
441,42
442,19
443,46
444,19
445,21
446,19
447,21
448,21
449,21
450,21
451,21
452,21
453,19
454,21
455,37
456,21
457,37
458,46
459,21
460,19
461,21
462,19
463,19
464,19
465,46
466,19
467,46
468,46
469,19
470,19
471,19
472,21
473,19
474,21
475,21
476,46
477,21
478,21
479,19
480,19
481,46
482,21
483,19
484,19
485,19
486,21
487,37
488,46
489,19
490,21
491,19
492,46
493,46
494,21
495,21
496,19
497,19
498,19
499,21
500,21
501,46
502,19
503,19
504,21
505,19
506,19
507,21
508,19
509,19
510,19
511,21
512,19
513,19
514,21
515,21
516,21
517,21
518,56
519,21
520,21
521,21
522,21
523,56
524,21
525,21
526,21
527,21
528,21
529,21
530,22
531,3
532,3
533,3
534,10
535,10
536,10
537,10
538,10
539,10
540,10
541,10
542,10
543,10
544,10
545,10
546,10
547,10
548,10
549,10
550,10
551,10
552,10
553,10
554,10
555,10
556,10
557,10
558,10
559,10
560,4
561,42
562,42
563,4
564,3
565,3
566,3
567,3
568,33
569,33
570,3
571,3
572,3
573,3
574,3
575,3
576,3
577,33
578,3
579,3
580,3
581,33
582,33
583,33
584,33
585,3
586,3
587,33
588,33
589,33
590,3
591,33
592,3
593,3
594,33
595,33
596,33
597,3
598,3
599,33
600,3
601,3
602,3
603,3
604,3
605,3
606,3
607,3
608,3
609,21
610,3
611,3
612,3
613,3
614,3
615,3
616,3
617,3
618,3
619,3
620,3
621,3
622,3
623,3
624,3
625,3
626,3
627,3
628,3
629,3
630,3
631,3
632,3
633,3
634,3
635,3
636,3
637,3
638,3
639,3
640,3
641,3
642,3
643,3
644,3
645,3
646,3
647,3
648,3
649,3
650,3
651,3
652,3
653,3
654,3
655,3
656,3
657,3
658,33
659,33
660,33
661,33
662,33
663,33
664,33
665,33
666,33
667,33
668,33
669,37
670,33
671,33
672,33
673,33
674,33
675,33
676,21
677,21
678,33
679,33
680,33
681,33
682,33
683,33
684,33
685,33
686,33
687,21
688,33
689,33
690,33
691,33
692,33
693,33
694,21
695,21
696,21
697,33
698,33
699,33
700,33
701,21
702,33
703,33
704,21
705,21
706,33
707,21
708,33
709,21
710,42
711,4
712,33
713,21
714,33
715,37
716,37
717,33
718,4
719,21
720,21
721,21
722,33
723,21
724,21
725,33
726,31
727,33
728,33
729,4
730,33
731,33
732,33
733,33
734,33
735,33
736,36
737,36
738,3
739,3
740,3
741,3
742,3
743,3
744,3
745,3
746,3
747,3
748,3
749,33
750,3
751,3
752,3
753,13
754,2
755,22
756,13
757,5
758,9
759,13
760,13
761,9
762,9
763,13
764,13
765,9
766,13
767,22
768,31
769,4
770,21
771,9
772,9
773,21
774,31
775,9
776,7
777,9
778,21
779,9
780,9
781,9
782,13
783,9
784,9
785,13
786,9
787,9
788,9
789,9
790,9
791,9
792,13
793,22
794,13
795,13
796,3
797,13
798,13
799,13
800,3
801,22
802,13
803,13
804,13
805,13
806,22
807,13
808,13
809,13
810,13
811,22
812,13
813,13
814,9
815,22
816,13
817,13
818,0
819,13
820,13
821,13
822,13
823,13
824,13
825,13
826,13
827,13
828,13
829,13
830,13
831,13
832,13
833,5
834,22
835,13
836,9
837,9
838,22
839,13
840,22
841,13
842,9
843,9
844,9
845,22
846,13
847,22
848,13
849,13
850,9
851,13
852,9
853,13
854,22
855,13
856,9
857,18
858,9
859,13
860,13
861,13
862,22
863,13
864,13
865,3
866,13
867,13
868,13
869,13
870,22
871,13
872,13
873,13
874,13
875,13
876,13
877,9
878,13
879,13
880,9
881,31
882,13
883,9
884,13
885,13
886,13
887,13
888,13
889,4
890,36
891,4
892,4
893,4
894,4
895,26
896,26
897,26
898,26
899,26
900,26
901,26
902,26
903,26
904,26
905,26
906,26
907,26
908,26
909,26
910,26
911,26
912,46
913,36
914,4
915,36
916,36
917,26
918,26
919,26
920,26
921,36
922,26
923,36
924,36
925,36
926,46
927,26
928,36
929,36
930,4
931,36
932,36
933,21
934,36
935,4
936,36
937,4
938,26
939,26
940,4
941,21
942,36
943,4
944,4
945,4
946,36
947,4
948,4
949,4
950,46
951,46
952,46
953,46
954,46
955,46
956,46
957,46
958,46
959,46
960,46
961,46
962,46
963,46
964,46
965,37
966,37
967,37
968,21
969,21
970,42
971,42
972,42
973,42
974,42
975,42
976,42
977,42
978,42
979,42
980,42
981,42
982,42
983,42
984,42
985,42
986,42
987,42
988,42
989,42
990,42
991,42
992,42
993,42
994,42
995,42
996,42
997,42
998,42
999,42
1000,42
1001,42
1002,42
1003,42
1004,42
1005,42
1006,42
1007,42
1008,42
1009,42
1010,42
1011,42
1012,42
1013,42
1014,42
1015,42
1016,42
1017,42
1018,42
1019,42
1020,42
1021,42
1022,42
1023,42
1024,42
1025,42
1026,42
1027,42
1028,42
1029,42
1030,3
1031,3
1032,21
1033,21
1034,21
1035,21
1036,21
1037,21
1038,21
1039,21
1040,56
1041,33
1042,4
1043,4
1044,4
1045,4
1046,4
1047,4
1048,36
1049,36
1050,4
1051,36
1052,4
1053,4
1054,4
1055,36
1056,4
1057,4
1058,4
1059,36
1060,36
1061,19
1062,4
1063,4
1064,36
1065,4
1066,4
1067,4
1068,4
1069,4
1070,19
1071,4
1072,4
1073,4
1074,4
1075,4
1076,0
1077,0
1078,0
1079,0
1080,0
1081,0
1082,0
1083,0
1084,37
1085,3
1086,13
1087,9
1088,9
1089,9
1090,13
1091,13
1092,3
1093,13
1094,3
1095,13
1096,13
1097,3
1098,18
1099,35
1100,9
1101,18
1102,4
1103,13
1104,18
1105,18
1106,0
1107,18
1108,18
1109,18
1110,18
1111,5
1112,37
1113,5
1114,37
1115,5
1116,5
1117,5
1118,5
1119,5
1120,5
1121,5
1122,5
1123,5
1124,4
1125,33
1126,13
1127,9
1128,3
1129,3
1130,33
1131,24
1132,33
1133,24
1134,18
1135,33
1136,13
1137,22
1138,21
1139,21
1140,22
1141,21
1142,22
1143,21
1144,22
1145,22
1146,21
1147,21
1148,46
1149,46
1150,4
1151,46
1152,3
1153,3
1154,33
1155,33
1156,33
1157,19
1158,19
1159,19
1160,19
1161,5
1162,3
1163,3
1164,3
1165,3
1166,3
1167,3
1168,31
1169,31
1170,3
1171,3
1172,33
1173,3
1174,2
1175,22
1176,3
1177,3
1178,35
1179,26
1180,3
1181,3
1182,3
1183,3
1184,35
1185,3
1186,3
1187,3
1188,3
1189,3
1190,3
1191,3
1192,3
1193,2
1194,3
1195,2
1196,3
1197,3
1198,17
1199,3
1200,3
1201,9
1202,3
1203,3
1204,3
1205,3
1206,3
1207,3
1208,3
1209,3
1210,3
1211,3
1212,3
1213,33
1214,3
1215,3
1216,0
1217,2
1218,14
1219,18
1220,13
1221,1
1222,36
1223,14
1224,3
1225,2
1226,18
1227,13
1228,14
1229,65
1230,3
1231,3
1232,31
1233,3
1234,3
1235,3
1236,31
1237,3
1238,3
1239,3
1240,31
1241,3
1242,3
1243,31
1244,3
1245,52
1246,52
1247,5
1248,18
1249,13
1250,13
1251,9
1252,9
1253,9
1254,9
1255,13
1256,9
1257,13
1258,3
1259,13
1260,13
1261,10
1262,10
1263,9
1264,9
1265,9
1266,21
1267,21
1268,9
1269,13
1270,13
1271,5
1272,9
1273,9
1274,9
1275,9
1276,13
1277,13
1278,5
1279,9
1280,9
1281,13
1282,13
1283,13
1284,13
1285,13
1286,9
1287,13
1288,13
1289,13
1290,13
1291,13
1292,13
1293,13
1294,13
1295,3
1296,13
1297,13
1298,13
1299,13
1300,13
1301,13
1302,13
1303,13
1304,13
1305,13
1306,13
1307,13
1308,13
1309,13
1310,13
1311,13
1312,13
1313,13
1314,13
1315,9
1316,13
1317,13
1318,13
1319,13
1320,13
1321,9
1322,13
1323,13
1324,13
1325,13
1326,13
1327,13
1328,13
1329,13
1330,13
1331,13
1332,54
1333,13
1334,13
1335,13
1336,54
1337,9
1338,9
1339,9
1340,9
1341,9
1342,13
1343,13
1344,13
1345,13
1346,9
1347,9
1348,13
1349,13
1350,13
1351,9
1352,13
1353,13
1354,9
1355,13
1356,13
1357,22
1358,9
1359,13
1360,9
1361,9
1362,13
1363,3
1364,13
1365,9
1366,13
1367,9
1368,13
1369,13
1370,9
1371,9
1372,9
1373,9
1374,9
1375,9
1376,9
1377,9
1378,24
1379,24
1380,24
1381,24
1382,19
1383,19
1384,19
1385,19
1386,36
1387,36
1388,19
1389,19
1390,42
1391,21
1392,42
1393,42
1394,42
1395,37
1396,37
1397,37
1398,37
1399,4
1400,19
1401,4
1402,37
1403,37
1404,36
1405,37
1406,37
1407,37
1408,37
1409,37
1410,37
1411,37
1412,37
1413,37
1414,37
1415,37
1416,37
1417,21
1418,21
1419,42
1420,3
1421,21
1422,3
1423,3
1424,3
1425,3
1426,3
1427,3
1428,21
1429,3
1430,3
1431,5
1432,5
1433,9
1434,35
1435,18
1436,4
1437,4
1438,4
1439,4
1440,21
1441,21
1442,37
1443,4
1444,37
1445,37
1446,37
1447,18
1448,18
1449,3
1450,13
1451,35
1452,18
1453,18
1454,9
1455,18
1456,18
1457,18
1458,13
1459,13
1460,3
1461,3
1462,3
1463,3
1464,3
1465,3
1466,3
1467,3
1468,3
1469,3
1470,3
1471,3
1472,3
1473,3
1474,9
1475,9
1476,3
1477,3
1478,3
1479,3
1480,3
1481,9
1482,3
1483,3
1484,4
1485,33
1486,33
1487,33
1488,33
1489,33
1490,33
1491,33
1492,33
1493,33
1494,33
1495,33
1496,33
1497,33
1498,42
1499,42
1500,42
1501,42
1502,42
1503,33
1504,33
1505,21
1506,21
1507,21
1508,21
1509,21
1510,21
1511,21
1512,21
1513,21
1514,21
1515,21
1516,13
1517,14
1518,3
1519,52
1520,3
1521,3
1522,3
1523,3
1524,52
1525,3
1526,52
1527,3
1528,3
1529,3
1530,14
1531,3
1532,3
1533,3
1534,21
1535,24
1536,24
1537,24
1538,21
1539,24
1540,24
1541,24
1542,24
1543,24
1544,24
1545,24
1546,24
1547,24
1548,3
1549,24
1550,24
1551,24
1552,24
1553,24
1554,33
1555,3
1556,3
1557,3
1558,42
1559,4
1560,42
1561,4
1562,4
1563,4
1564,4
1565,4
1566,4
1567,4
1568,4
1569,4
1570,4
1571,4
1572,4
1573,4
1574,4
1575,4
1576,1
1577,1
1578,4
1579,4
1580,4
1581,19
1582,36
1583,36
1584,36
1585,36
1586,4
1587,4
1588,24
1589,24
1590,24
1591,24
1592,24
1593,24
1594,21
1595,13
1596,18
1597,18
1598,35
1599,3
1600,21
1601,3
1602,3
1603,18
1604,13
1605,21
1606,4
1607,4
1608,3
1609,3
1610,21
1611,21
1612,21
1613,21
1614,56
1615,18
1616,4
1617,42
1618,4
1619,4
1620,42
1621,42
1622,42
1623,42
1624,13
1625,13
1626,33
1627,33
1628,33
1629,42
1630,4
1631,4
1632,4
1633,4
1634,4
1635,7
1636,3
1637,3
1638,3
1639,3
1640,37
1641,3
1642,3
1643,24
1644,3
1645,3
1646,37
1647,7
1648,3
1649,33
1650,7
1651,3
1652,7
1653,3
1654,7
1655,3
1656,7
1657,18
1658,18
1659,18
1660,65
1661,65
1662,21
1663,21
1664,21
1665,65
1666,65
1667,21
1668,65
1669,65
1670,14
1671,14
1672,65
1673,65
1674,65
1675,65
1676,21
1677,65
1678,14
1679,65
1680,3
1681,3
1682,33
1683,33
1684,3
1685,33
1686,33
1687,3
1688,33
1689,21
1690,3
1691,3
1692,33
1693,42
1694,2
1695,2
1696,4
1697,2
1698,2
1699,21
1700,21
1701,4
1702,21
1703,21
1704,21
1705,21
1706,21
1707,21
1708,21
1709,21
1710,21
1711,4
1712,26
1713,21
1714,21
1715,21
1716,4
1717,21
1718,21
1719,21
1720,21
1721,21
1722,21
1723,21
1724,21
1725,21
1726,21
1727,21
1728,3
1729,3
1730,3
1731,3
1732,0
1733,13
1734,0
1735,0
1736,0
1737,18
1738,18
1739,14
1740,0
1741,0
1742,0
1743,0
1744,0
1745,13
1746,13
1747,0
1748,14
1749,14
1750,9
1751,13
1752,42
1753,42
1754,19
1755,35
1756,21
1757,3
1758,3
1759,3
1760,3
1761,3
1762,3
1763,3
1764,3
1765,37
1766,37
1767,37
1768,37
1769,37
1770,37
1771,37
1772,37
1773,37
1774,37
1775,37
1776,37
1777,3
1778,3
1779,18
1780,3
1781,54
1782,3
1783,3
1784,3
1785,3
1786,3
1787,3
1788,3
1789,3
1790,3
1791,3
1792,3
1793,3
1794,3
1795,3
1796,3
1797,3
1798,3
1799,3
1800,3
1801,3
1802,3
1803,3
1804,3
1805,3
1806,3
1807,3
1808,3
1809,3
1810,3
1811,3
1812,3
1813,17
1814,3
1815,17
1816,3
1817,3
1818,3
1819,3
1820,3
1821,3
1822,3
1823,3
1824,3
1825,3
1826,42
1827,42
1828,42
1829,42
1830,42
1831,33
1832,33
1833,33
1834,33
1835,33
1836,33
1837,33
1838,33
1839,33
1840,33
1841,33
1842,9
1843,46
1844,46
1845,46
1846,36
1847,4
1848,46
1849,46
1850,46
1851,4
1852,46
1853,46
1854,46
1855,18
1856,18
1857,2
1858,3
1859,2
1860,2
1861,3
1862,4
1863,4
1864,4
1865,4
1866,4
1867,4
1868,4
1869,4
1870,4
1871,4
1872,4
1873,4
1874,4
1875,4
1876,4
1877,4
1878,5
1879,37
1880,37
1881,37
1882,9
1883,46
1884,17
1885,9
1886,9
1887,4
1888,42
1889,42
1890,42
1891,42
1892,42
1893,42
1894,42
1895,42
1896,4
1897,42
1898,42
1899,42
1900,42
1901,42
1902,42
1903,42
1904,42
1905,21
1906,42
1907,42
1908,42
1909,42
1910,42
1911,42
1912,42
1913,42
1914,42
1915,42
1916,42
1917,42
1918,42
1919,4
1920,4
1921,42
1922,42
1923,42
1924,21
1925,4
1926,42
1927,4
1928,4
1929,4
1930,4
1931,21
1932,4
1933,4
1934,4
1935,42
1936,4
1937,42
1938,21
1939,21
1940,21
1941,4
1942,42
1943,33
1944,33
1945,33
1946,21
1947,21
1948,21
1949,21
1950,21
1951,21
1952,21
1953,21
1954,21
1955,21
1956,21
1957,21
1958,21
1959,21
1960,21
1961,21
1962,21
1963,21
1964,21
1965,21
1966,21
1967,21
1968,21
1969,36
1970,36
1971,36
1972,36
1973,36
1974,36
1975,36
1976,36
1977,36
1978,36
1979,36
1980,36
1981,36
1982,36
1983,36
1984,42
1985,42
1986,42
1987,1
1988,1
1989,33
1990,3
1991,3
1992,62
1993,21
1994,3
1995,3
1996,3
1997,33
1998,3
1999,3
2000,33
2001,33
2002,3
2003,33
2004,3
2005,33
2006,33
2007,3
2008,3
2009,33
2010,33
2011,3
2012,33
2013,3
2014,18
2015,3
2016,42
2017,42
2018,42
2019,42
2020,42
2021,42
2022,42
2023,42
2024,42
2025,42
2026,4
2027,4
2028,4
2029,4
2030,4
2031,4
2032,4
2033,4
2034,4
2035,3
2036,37
2037,37
2038,37
2039,37
2040,21
2041,5
2042,33
2043,21
2044,21
2045,21
2046,21
2047,21
2048,21
2049,21
2050,21
2051,0
2052,0
2053,36
2054,0
2055,36
2056,0
2057,42
2058,37
2059,37
2060,42
2061,37
2062,37
2063,37
2064,42
2065,42
2066,42
2067,42
2068,37
2069,4
2070,54
2071,54
2072,54
2073,54
2074,54
2075,54
2076,54
2077,54
2078,54
2079,54
2080,54
2081,54
2082,54
2083,54
2084,54
2085,54
2086,54
2087,54
2088,54
2089,54
2090,54
2091,54
2092,54
2093,54
2094,54
2095,54
2096,54
2097,54
2098,54
2099,54
2100,54
2101,54
2102,54
2103,54
2104,54
2105,54
2106,54
2107,54
2108,54
2109,54
2110,54
2111,54
2112,54
2113,54
2114,54
2115,54
2116,54
2117,54
2118,54
2119,31
2120,31
2121,54
2122,54
2123,54
2124,31
2125,31
2126,31
2127,31
2128,31
2129,31
2130,31
2131,54
2132,54
2133,54
2134,54
2135,54
2136,54
2137,54
2138,54
2139,54
2140,54
2141,54
2142,54
2143,54
2144,54
2145,54
2146,54
2147,54
2148,54
2149,54
2150,54
2151,54
2152,54
2153,54
2154,54
2155,31
2156,31
2157,4
2158,54
2159,54
2160,54
2161,54
2162,54
2163,54
2164,54
2165,54
2166,31
2167,54
2168,54
2169,54
2170,54
2171,54
2172,31
2173,54
2174,54
2175,54
2176,31
2177,54
2178,54
2179,54
2180,54
2181,54
2182,54
2183,21
2184,54
2185,54
2186,54
2187,54
2188,54
2189,31
2190,54
2191,54
2192,54
2193,54
2194,54
2195,54
2196,54
2197,31
2198,31
2199,31
2200,31
2201,21
2202,54
2203,54
2204,54
2205,54
2206,4
2207,4
2208,4
2209,21
2210,21
2211,4
2212,4
2213,4
2214,4
2215,4
2216,4
2217,4
2218,36
2219,4
2220,4
2221,4
2222,4
2223,4
2224,4
2225,36
2226,4
2227,21
2228,4
2229,36
2230,4
2231,4
2232,4
2233,4
2234,4
2235,4
2236,4
2237,4
2238,4
2239,4
2240,4
2241,4
2242,4
2243,4
2244,4
2245,21
2246,4
2247,21
2248,21
2249,36
2250,4
2251,21
2252,21
2253,21
2254,4
2255,21
2256,4
2257,4
2258,4
2259,36
2260,21
2261,21
2262,21
2263,4
2264,4
2265,21
2266,4
2267,4
2268,4
2269,4
2270,4
2271,4
2272,4
2273,4
2274,21
2275,4
2276,4
2277,54
2278,1
2279,21
2280,4
2281,4
2282,21
2283,4
2284,4
2285,21
2286,36
2287,4
2288,4
2289,4
2290,4
2291,4
2292,4
2293,36
2294,21
2295,21
2296,4
2297,0
2298,3
2299,3
2300,1
2301,1
2302,1
2303,1
2304,36
2305,36
2306,3
2307,21
2308,21
2309,2
2310,3
2311,3
2312,2
2313,3
2314,3
2315,3
2316,5
2317,3
2318,36
2319,3
2320,22
2321,3
2322,3
2323,3
2324,3
2325,18
2326,3
2327,33
2328,3
2329,2
2330,3
2331,40
2332,33
2333,33
2334,33
2335,33
2336,33
2337,33
2338,33
2339,33
2340,33
2341,31
2342,31
2343,31
2344,33
2345,33
2346,33
2347,33
2348,33
2349,33
2350,33
2351,33
2352,33
2353,33
2354,33
2355,33
2356,33
2357,33
2358,33
2359,33
2360,33
2361,33
2362,31
2363,33
2364,33
2365,33
2366,12
2367,12
2368,12
2369,24
2370,3
2371,3
2372,3
2373,3
2374,33
2375,33
2376,4
2377,4
2378,4
2379,4
2380,4
2381,4
2382,4
2383,4
2384,4
2385,18
2386,4
2387,21
2388,42
2389,31
2390,42
2391,42
2392,42
2393,42
2394,42
2395,42
2396,42
2397,3
2398,18
2399,13
2400,13
2401,13
2402,18
2403,5
2404,13
2405,42
2406,42
2407,42
2408,42
2409,9
2410,9
2411,9
2412,9
2413,9
2414,9
2415,9
2416,13
2417,13
2418,31
2419,9
2420,9
2421,21
2422,9
2423,9
2424,21
2425,13
2426,13
2427,21
2428,3
2429,13
2430,13
2431,21
2432,21
2433,13
2434,13
2435,13
2436,21
2437,21
2438,13
2439,13
2440,13
2441,13
2442,9
2443,13
2444,3
2445,13
2446,13
2447,13
2448,22
2449,5
2450,13
2451,13
2452,13
2453,3
2454,3
2455,13
2456,9
2457,3
2458,5
2459,21
2460,3
2461,3
2462,3
2463,13
2464,13
2465,13
2466,13
2467,18
2468,18
2469,18
2470,13
2471,13
2472,13
2473,18
2474,22
2475,13
2476,9
2477,13
2478,13
2479,5
2480,9
2481,13
2482,5
2483,13
2484,22
2485,18
2486,3
2487,3
2488,22
2489,52
2490,52
2491,52
2492,52
2493,52
2494,52
2495,4
2496,4
2497,4
2498,4
2499,4
2500,4
2501,4
2502,4
2503,4
2504,4
2505,4
2506,12
2507,12
2508,12
2509,12
2510,52
2511,3
2512,3
2513,3
2514,3
2515,3
2516,3
2517,3
2518,3
2519,3
2520,3
2521,3
2522,3
2523,3
2524,3
2525,3
2526,3
2527,3
2528,3
2529,3
2530,3
2531,3
2532,3
2533,3
2534,3
2535,3
2536,3
2537,3
2538,3
2539,3
2540,3
2541,3
2542,3
2543,3
2544,3
2545,3
2546,3
2547,3
2548,3
2549,4
2550,4
2551,33
2552,33
2553,33
2554,46
2555,46
2556,46
2557,46
2558,46
2559,46
2560,46
2561,46
2562,46
2563,14
2564,1
2565,33
2566,33
2567,33
2568,3
2569,3
2570,52
2571,52
2572,22
2573,22
2574,22
2575,22
2576,3
2577,22
2578,18
2579,18
2580,13
2581,21
2582,21
2583,21
2584,21
2585,18
2586,13
2587,37
2588,4
2589,21
2590,37
2591,37
2592,37
2593,3
2594,3
2595,3
2596,3
2597,21
2598,21
2599,26
2600,26
2601,26
2602,26
2603,26
2604,26
2605,26
2606,26
2607,26
2608,26
2609,26
2610,26
2611,26
2612,26
2613,26
2614,26
2615,26
2616,26
2617,26
2618,26
2619,26
2620,26
2621,26
2622,26
2623,26
2624,26
2625,26
2626,26
2627,26
2628,26
2629,26
2630,26
2631,26
2632,26
2633,21
2634,21
2635,21
2636,21
2637,21
2638,21
2639,21
2640,26
2641,26
2642,26
2643,21
2644,21
2645,21
2646,21
2647,26
2648,21
2649,13
2650,21
2651,21
2652,21
2653,21
2654,4
2655,4
2656,21
2657,21
2658,21
2659,21
2660,21
2661,37
2662,37
2663,13
2664,24
2665,31
2666,19
2667,2
2668,2
2669,13
2670,13
2671,21
2672,3
2673,13
2674,13
2675,9
2676,19
2677,0
2678,19
2679,24
2680,36
2681,24
2682,36
2683,1
2684,0
2685,0
2686,0
2687,1
2688,1
2689,0
2690,0
2691,0
2692,19
2693,0
2694,0
2695,19
2696,0
2697,1
2698,1
2699,0
2700,0
2701,0
2702,1
2703,1
2704,0
2705,0
2706,19
2707,0
2708,37
2709,72
2710,37
2711,37
2712,37
2713,46
2714,46
2715,3
2716,33
2717,33
2718,24
2719,24
2720,18
2721,24
2722,24
2723,3
2724,24
2725,13
2726,24
2727,3
2728,1
2729,3
2730,3
2731,1
2732,1
2733,1
2734,3
2735,33
2736,3
2737,3
2738,3
2739,3
2740,13
2741,13
2742,13
2743,13
2744,3
2745,3
2746,13
2747,33
2748,33
2749,13
2750,13
2751,31
2752,21
2753,31
2754,4
2755,4
2756,17
2757,21
2758,5
2759,13
2760,0
2761,13
2762,65
2763,14
2764,14
2765,33
2766,13
2767,13
2768,13
2769,13
2770,13
2771,3
2772,3
2773,3
2774,18
2775,18
2776,3
2777,3
2778,3
2779,18
2780,18
2781,42
2782,42
2783,13
2784,13
2785,13
2786,13
2787,13
2788,13
2789,13
2790,13
2791,13
2792,13
2793,13
2794,13
2795,13
2796,13
2797,13
2798,42
2799,42
2800,42
2801,5
2802,5
2803,37
2804,42
2805,42
2806,3
2807,36
2808,36
2809,36
2810,36
2811,0
2812,2
2813,0
2814,0
2815,0
2816,13
2817,18
2818,0
2819,13
2820,0
2821,0
2822,13
2823,0
2824,0
2825,0
2826,0
2827,9
2828,13
2829,0
2830,0
2831,0
2832,0
2833,0
2834,0
2835,14
2836,14
2837,18
2838,13
2839,18
2840,2
2841,37
2842,37
2843,37
2844,13
2845,52
2846,22
2847,22
2848,22
2849,22
2850,22
2851,4
2852,4
2853,4
2854,42
2855,4
2856,4
2857,4
2858,33
2859,21
2860,1
2861,0
2862,36
2863,36
2864,36
2865,26
2866,4
2867,13
2868,9
2869,3
2870,14
2871,3
2872,46
2873,3
2874,47
2875,42
2876,42
2877,42
2878,42
2879,42
2880,42
2881,42
2882,42
2883,42
2884,42
2885,22
2886,22
2887,3
2888,3
2889,42
2890,42
2891,33
2892,33
2893,54
2894,14
2895,14
2896,13
2897,13
2898,13
2899,42
2900,42
2901,42
2902,37
2903,18
2904,9
2905,33
2906,33
2907,33
2908,18
2909,18
2910,33
2911,33
2912,0
2913,0
2914,0
2915,0
2916,33
2917,33
2918,0
2919,33
2920,18
2921,0
2922,33
2923,33
2924,13
2925,13
2926,18
2927,18
2928,42
2929,42
2930,42
2931,42
2932,42
2933,42
2934,42
2935,42
2936,14
2937,21
2938,18
2939,7
2940,7
2941,21
2942,21
2943,21
2944,21
2945,21
2946,33
2947,33
2948,33
2949,33
2950,33
2951,33
2952,33
2953,21
2954,33
2955,21
2956,14
2957,14
2958,0
2959,21
2960,21
2961,3
2962,26
2963,18
2964,13
2965,50
2966,3
2967,33
2968,13
2969,13
2970,13
2971,37
2972,4
2973,13
2974,19
2975,19
2976,14
2977,14
2978,14
2979,24
2980,24
2981,13
2982,13
2983,19
2984,33
2985,4
2986,33
2987,36
2988,22
2989,18
2990,18
2991,22
2992,18
2993,4
2994,4
2995,33
2996,33
2997,37
2998,37
2999,37
3000,21
3001,21
3002,13
3003,42
3004,42
3005,5
3006,5
3007,5
3008,5
3009,33
3010,42
3011,42
3012,42
3013,42
3014,4
3015,33
3016,4
3017,4
3018,21
3019,4
3020,4
3021,14
3022,18
3023,54
3024,54
3025,0
3026,0
3027,1
3028,2
3029,2
3030,42
3031,42
3032,42
3033,42
3034,42
3035,3
3036,3
3037,7
3038,7
3039,7
3040,7
3041,7
3042,7
3043,3
3044,22
3045,22
3046,22
3047,22
3048,22
3049,3
3050,52
3051,22
3052,52
3053,22
3054,22
3055,22
3056,22
3057,52
3058,52
3059,22
3060,22
3061,5
3062,13
3063,37
3064,37
3065,2
3066,5
3067,5
3068,2
3069,19
3070,19
3071,33
3072,33
3073,5
3074,5
3075,5
3076,5
3077,5
3078,37
3079,37
3080,5
3081,5
3082,5
3083,5
3084,5
3085,4
3086,37
3087,4
3088,5
3089,37
3090,37
3091,37
3092,37
3093,62
3094,62
3095,62
3096,21
3097,31
3098,31
3099,9
3100,21
3101,22
3102,31
3103,21
3104,22
3105,13
3106,22
3107,22
3108,5
3109,5
3110,33
3111,33
3112,21
3113,9
3114,37
3115,4
3116,37
3117,37
3118,37
3119,4
3120,4
3121,4
3122,42
3123,37
3124,42
3125,15
3126,3
3127,3
3128,3
3129,3
3130,42
3131,42
3132,42
3133,4
3134,4
3135,4
3136,42
3137,4
3138,4
3139,9
3140,9
3141,21
3142,21
3143,21
3144,31
3145,17
3146,31
3147,9
3148,9
3149,33
3150,10
3151,9
3152,9
3153,21
3154,10
3155,21
3156,2
3157,2
3158,21
3159,2
3160,21
3161,21
3162,31
3163,31
3164,9
3165,21
3166,13
3167,7
3168,5
3169,5
3170,9
3171,7
3172,7
3173,7
3174,7
3175,7
3176,13
3177,27
3178,3
3179,3
3180,3
3181,3
3182,3
3183,3
3184,3
3185,3
3186,3
3187,3
3188,9
3189,9
3190,9
3191,21
3192,9
3193,9
3194,9
3195,9
3196,9
3197,18
3198,9
3199,9
3200,9
3201,18
3202,9
3203,9
3204,18
3205,9
3206,3
3207,9
3208,9
3209,17
3210,21
3211,4
3212,21
3213,21
3214,31
3215,3
3216,3
3217,3
3218,3
3219,31
3220,3
3221,3
3222,21
3223,42
3224,13
3225,18
3226,18
3227,33
3228,3
3229,31
3230,9
3231,9
3232,9
3233,9
3234,9
3235,9
3236,9
3237,9
3238,9
3239,9
3240,9
3241,24
3242,24
3243,24
3244,3
3245,9
3246,9
3247,13
3248,13
3249,18
3250,18
3251,13
3252,12
3253,9
3254,18
3255,10
3256,10
3257,10
3258,10
3259,10
3260,10
3261,10
3262,10
3263,10
3264,10
3265,10
3266,10
3267,10
3268,10
3269,10
3270,10
3271,10
3272,10
3273,10
3274,10
3275,10
3276,10
3277,10
3278,10
3279,10
3280,10
3281,10
3282,10
3283,10
3284,10
3285,10
3286,10
3287,10
3288,10
3289,10
3290,10
3291,10
3292,10
3293,10
3294,10
3295,10
3296,10
3297,10
3298,10
3299,10
3300,10
3301,10
3302,10
3303,10
3304,10
3305,10
3306,10
3307,10
3308,10
3309,10
3310,10
3311,54
3312,54
3313,54
3314,54
3315,54
3316,54
3317,54
3318,54
3319,54
3320,54
3321,54
3322,54
3323,54
3324,54
3325,54
3326,3
3327,54
3328,54
3329,54
3330,54
3331,54
3332,54
3333,54
3334,54
3335,54
3336,54
3337,54
3338,54
3339,54
3340,54
3341,21
3342,2
3343,54
3344,54
3345,2
3346,2
3347,2
3348,33
3349,10
3350,10
3351,10
3352,10
3353,10
3354,10
3355,10
3356,10
3357,10
3358,10
3359,10
3360,10
3361,10
3362,10
3363,10
3364,10
3365,10
3366,10
3367,10
3368,10
3369,10
3370,10
3371,10
3372,10
3373,10
3374,10
3375,10
3376,10
3377,10
3378,10
3379,10
3380,10
3381,10
3382,10
3383,33
3384,33
3385,33
3386,33
3387,33
3388,33
3389,21
3390,21
3391,13
3392,24
3393,31
3394,4
3395,4
3396,4
3397,31
3398,4
3399,31
3400,21
3401,4
3402,4
3403,31
3404,4
3405,13
3406,4
3407,21
3408,2
3409,17
3410,13
3411,3
3412,3
3413,3
3414,3
3415,3
3416,3
3417,3
3418,3
3419,3
3420,3
3421,7
3422,37
3423,18
3424,7
3425,7
3426,18
3427,7
3428,7
3429,0
3430,9
3431,9
3432,9
3433,9
3434,10
3435,10
3436,10
3437,10
3438,10
3439,10
3440,10
3441,10
3442,10
3443,10
3444,10
3445,10
3446,10
3447,10
3448,10
3449,10
3450,10
3451,10
3452,10
3453,10
3454,10
3455,10
3456,10
3457,10
3458,10
3459,10
3460,10
3461,10
3462,17
3463,17
3464,2
3465,13
3466,13
3467,21
3468,33
3469,33
3470,62
3471,1
3472,26
3473,26
3474,26
3475,21
3476,54
3477,2
3478,2
3479,13
3480,13
3481,13
3482,13
3483,9
3484,13
3485,42
3486,42
3487,42
3488,37
3489,5
3490,5
3491,37
3492,42
3493,37
3494,37
3495,21
3496,22
3497,17
3498,22
3499,4
3500,4
3501,1
3502,14
3503,4
3504,4
3505,5
3506,2
3507,13
3508,0
3509,0
3510,36
3511,1
3512,15
3513,36
3514,4
3515,4
3516,33
3517,33
3518,33
3519,33
3520,42
3521,42
3522,42
3523,33
3524,33
3525,33
3526,33
3527,21
3528,83
3529,83
3530,83
3531,83
3532,83
3533,83
3534,83
3535,83
3536,37
3537,12
3538,12
3539,42
3540,5
3541,42
3542,42
3543,42
3544,42
3545,42
3546,21
3547,9
3548,9
3549,9
3550,3
3551,17
3552,2
3553,2
3554,2
3555,2
3556,2
3557,17
3558,17
3559,42
3560,31
3561,52
3562,4
3563,4
3564,37
3565,4
3566,33
3567,33
3568,37
3569,5
3570,33
3571,42
3572,3
3573,9
3574,9
3575,3
3576,9
3577,9
3578,17
3579,18
3580,13
3581,21
3582,42
3583,42
3584,12
3585,13
3586,19
3587,1
3588,19
3589,19
3590,19
3591,37
3592,17
3593,17
3594,42
3595,4
3596,4
3597,4
3598,4
3599,42
3600,42
3601,42
3602,21
3603,42
3604,42
3605,21
3606,21
3607,37
3608,37
3609,36
3610,36
3611,36
3612,36
3613,36
3614,36
3615,36
3616,21
3617,21
3618,21
3619,42
3620,42
3621,42
3622,42
3623,21
3624,17
3625,3
3626,3
3627,3
3628,13
3629,4
3630,4
3631,4
3632,4
3633,37
3634,37
3635,37
3636,37
3637,36
3638,36
3639,36
3640,36
3641,36
3642,36
3643,46
3644,46
3645,3
3646,3
3647,3
3648,3
3649,13
3650,9
3651,13
3652,21
3653,21
3654,21
3655,21
3656,21
3657,21
3658,21
3659,21
3660,1
3661,42
3662,5
3663,42
3664,42
3665,3
3666,42
3667,42
3668,4
3669,42
3670,5
3671,5
3672,17
3673,17
3674,5
3675,37
3676,37
3677,37
3678,5
3679,12
3680,37
3681,37
3682,37
3683,37
3684,37
3685,37
3686,37
3687,4
3688,36
3689,4
3690,42
3691,42
3692,42
3693,42
3694,31
3695,21
3696,54
3697,13
3698,13
3699,13
3700,13
3701,13
3702,4
3703,24
3704,24
3705,33
3706,33
3707,13
3708,1
3709,1
3710,33
3711,12
3712,1
3713,1
3714,4
3715,4
3716,4
3717,4
3718,12
3719,21
3720,18
3721,1
3722,1
3723,21
3724,21
3725,21
3726,21
3727,3
3728,3
3729,21
3730,21
3731,21
3732,21
3733,42
3734,42
3735,37
3736,37
3737,5
3738,3
3739,4
3740,4
3741,1
3742,1
3743,42
3744,42
3745,5
3746,5
3747,5
3748,19
3749,19
3750,19
3751,19
3752,36
3753,0
3754,2
3755,4
3756,42
3757,42
3758,42
3759,33
3760,3
3761,3
3762,3
3763,3
3764,18
3765,2
3766,13
3767,2
3768,46
3769,36
3770,36
3771,42
3772,42
3773,24
3774,24
3775,24
3776,24
3777,24
3778,3
3779,3
3780,14
3781,5
3782,14
3783,14
3784,14
3785,14
3786,5
3787,14
3788,33
3789,33
3790,14
3791,14
3792,5
3793,5
3794,5
3795,2
3796,4
3797,4
3798,4
3799,42
3800,2
3801,2
3802,2
3803,17
3804,2
3805,31
3806,33
3807,31
3808,21
3809,13
3810,52
3811,37
3812,5
3813,5
3814,37
3815,37
3816,21
3817,2
3818,2
3819,2
3820,13
3821,3
3822,18
3823,18
3824,4
3825,4
3826,4
3827,42
3828,42
3829,36
3830,1
3831,1
3832,1
3833,36
3834,21
3835,46
3836,46
3837,46
3838,46
3839,46
3840,46
3841,17
3842,3
3843,3
3844,17
3845,18
3846,24
3847,70
3848,3
3849,4
3850,5
3851,46
3852,42
3853,42
3854,33
3855,2
3856,3
3857,4
3858,5
3859,4
3860,5
3861,5
3862,37
3863,42
3864,3
3865,21
3866,42
3867,52
3868,52
3869,52
3870,3
3871,21
3872,26
3873,9
3874,13
3875,24
3876,13
3877,18
3878,13
3879,9
3880,21
3881,3
3882,4
3883,18
3884,18
3885,18
3886,21
3887,37
3888,33
3889,21
3890,33
3891,33
3892,33
3893,33
3894,33
3895,1
3896,18
3897,22
3898,22
3899,83
3900,83
3901,42
3902,42
3903,42
3904,13
3905,42
3906,21
3907,21
3908,21
3909,7
3910,42
3911,13
3912,5
3913,4
3914,42
3915,42
3916,33
3917,5
3918,42
3919,36
3920,42
3921,18
3922,9
3923,3
3924,33
3925,33
3926,46
3927,13
3928,13
3929,0
3930,0
3931,0
3932,5
3933,5
3934,21
3935,1
3936,1
3937,4
3938,42
3939,31
3940,31
3941,33
3942,42
3943,37
3944,37
3945,0
3946,0
3947,14
3948,21
3949,2
3950,2
3951,37
3952,37
3953,37
3954,33
3955,33
3956,42
3957,4
3958,4
3959,2
3960,2
3961,2
3962,2
3963,2
3964,2
3965,2
3966,2
3967,2
3968,3
3969,3
3970,3
3971,3
3972,33
3973,36
3974,36
3975,36
3976,36
3977,36
3978,4
3979,42
3980,9
3981,33
3982,33
3983,18
3984,33
3985,21
3986,1
3987,18
3988,18
3989,33
3990,14
3991,2
3992,2
3993,37
3994,37
3995,12
3996,12
3997,18
3998,33
3999,18
4000,33
4001,42
4002,21
4003,37
4004,4
4005,4
4006,19
4007,33
4008,42
4009,3
4010,42
4011,13
4012,13
4013,42
4014,5
4015,37
4016,3
4017,4
4018,3
4019,3
4020,3
4021,37
4022,37
4023,24
4024,22
4025,14
4026,18
4027,18
4028,42
4029,37
4030,18
4031,22
4032,42
4033,42
4034,42
4035,13
4036,4
4037,31
4038,1
4039,42
4040,21
4041,5
4042,31
4043,4
4044,42
4045,42
4046,21
4047,42
4048,46
4049,52
4050,31
4051,31
4052,42
4053,42
4054,36
4055,13
4056,13
4057,13
4058,13
4059,13
4060,13
4061,13
4062,13
4063,13
4064,13
4065,13
4066,13
4067,13
4068,13
4069,13
4070,13
4071,13
4072,13
4073,13
4074,13
4075,13
4076,13
4077,13
4078,13
4079,13
4080,13
4081,13
4082,13
4083,13
4084,13
4085,13
4086,13
4087,13
4088,13
4089,13
4090,13
4091,13
4092,13
4093,13
4094,13
4095,13
4096,13
4097,13
4098,13
4099,13
4100,13
4101,13
4102,13
4103,13
4104,13
4105,13
4106,13
4107,13
4108,13
4109,13
4110,13
4111,13
4112,13
4113,13
4114,13
4115,13
4116,13
4117,13
4118,13
4119,13
4120,13
4121,13
4122,13
4123,13
4124,13
4125,13
4126,13
4127,13
4128,13
4129,13
4130,13
4131,13
4132,13
4133,13
4134,13
4135,13
4136,13
4137,13
4138,13
4139,13
4140,13
4141,13
4142,13
4143,13
4144,13
4145,13
4146,13
4147,13
4148,13
4149,13
4150,13
4151,13
4152,13
4153,13
4154,13
4155,13
4156,13
4157,13
4158,13
4159,13
4160,13
4161,13
4162,13
4163,13
4164,13
4165,13
4166,13
4167,13
4168,13
4169,13
4170,13
4171,13
4172,13
4173,13
4174,13
4175,13
4176,13
4177,13
4178,13
4179,13
4180,13
4181,13
4182,13
4183,13
4184,13
4185,13
4186,13
4187,13
4188,13
4189,13
4190,13
4191,13
4192,13
4193,13
4194,13
4195,13
4196,13
4197,13
4198,13
4199,13
4200,13
4201,13
4202,13
4203,13
4204,13
4205,13
4206,13
4207,13
4208,13
4209,13
4210,13
4211,13
4212,13
4213,13
4214,13
4215,13
4216,13
4217,13
4218,13
4219,13
4220,13
4221,13
4222,13
4223,13
4224,13
4225,13
4226,13
4227,13
4228,13
4229,13
4230,13
4231,13
4232,13
4233,13
4234,13
4235,13
4236,13
4237,13
4238,13
4239,13
4240,13
4241,13
4242,13
4243,13
4244,13
4245,13
4246,13
4247,13
4248,13
4249,13
4250,13
4251,13
4252,13
4253,13
4254,13
4255,13
4256,13
4257,13
4258,13
4259,13
4260,13
4261,13
4262,13
4263,13
4264,13
4265,13
4266,13
4267,13
4268,13
4269,13
4270,13
4271,13
4272,13
4273,13
4274,13
4275,13
4276,13
4277,13
4278,13
4279,13
4280,13
4281,13
4282,13
4283,13
4284,13
4285,13
4286,13
4287,13
4288,13
4289,13
4290,13
4291,13
4292,13
4293,13
4294,13
4295,13
4296,13
4297,13
4298,13
4299,13
4300,13
4301,13
4302,13
4303,13
4304,13
4305,13
4306,13
4307,13
4308,13
4309,13
4310,13
4311,13
4312,13
4313,13
4314,13
4315,13
4316,13
4317,13
4318,13
4319,13
4320,13
4321,13
4322,13
4323,13
4324,13
4325,13
4326,13
4327,13
4328,13
4329,13
4330,13
4331,13
4332,13
4333,13
4334,13
4335,13
4336,13
4337,13
4338,13
4339,13
4340,13
4341,13
4342,13
4343,13
4344,13
4345,13
4346,13
4347,13
4348,13
4349,13
4350,13
4351,13
4352,13
4353,13
4354,13
4355,13
4356,13
4357,13
4358,13
4359,13
4360,13
4361,13
4362,13
4363,13
4364,13
4365,13
4366,13
4367,13
4368,13
4369,13
4370,3
4371,3
4372,3
4373,3
4374,3
4375,3
4376,3
4377,18
4378,22
4379,22
4380,9
4381,0
4382,0
4383,42
4384,42
4385,21
4386,21
4387,2
4388,2
4389,1
4390,18
4391,5
4392,18
4393,18
4394,18
4395,18
4396,37
4397,37
4398,18
4399,33
4400,24
4401,19
4402,13
4403,14
4404,1
4405,4
4406,4
4407,33
4408,4
4409,2
4410,2
4411,2
4412,2
4413,1
4414,1
4415,24
4416,33
4417,37
4418,42
4419,37
4420,37
4421,18
4422,13
4423,13
4424,18
4425,1
4426,42
4427,42
4428,3
4429,5
4430,5
4431,5
4432,37
4433,37
4434,13
4435,37
4436,18
4437,13
4438,13
4439,33
4440,33
4441,4
4442,42
4443,42
4444,42
4445,5
4446,42
4447,42
4448,42
4449,42
4450,37
4451,37
4452,37
4453,33
4454,33
4455,42
4456,13
4457,9
4458,0
4459,4
4460,4
4461,31
4462,18
4463,83
4464,1
4465,4
4466,42
4467,1
4468,42
4469,19
4470,24
4471,42
4472,42
4473,18
4474,3
4475,1
4476,18
4477,13
4478,24
4479,4
4480,18
4481,18
4482,18
4483,19
4484,3
4485,7
4486,38
4487,1
4488,1
4489,18
4490,27
4491,18
4492,18
4493,18
4494,27
4495,18
4496,18
4497,0
4498,0
4499,0
4500,18
4501,0
4502,0
4503,0
4504,0
4505,0
4506,0
4507,0
4508,0
4509,0
4510,0
4511,0
4512,0
4513,0
4514,0
4515,0
4516,0
4517,0
4518,0
4519,0
4520,0
4521,0
4522,0
4523,0
4524,0
4525,0
4526,0
4527,0
4528,18
4529,1
4530,2
4531,21
4532,1
4533,1
4534,17
4535,9
4536,1
4537,0
4538,1
4539,1
4540,1
4541,1
4542,1
4543,33
4544,37
4545,42
4546,42
4547,33
4548,17
4549,5
4550,5
4551,52
4552,33
4553,52
4554,52
4555,52
4556,52
4557,52
4558,0
4559,37
4560,37
4561,42
4562,4
4563,1
4564,3
4565,33
4566,1
4567,18
4568,18
4569,14
4570,14
4571,7
4572,22
4573,22
4574,13
4575,13
4576,0
4577,0
4578,0
4579,0
4580,37
4581,18
4582,1
4583,42
4584,42
4585,42
4586,1
4587,1
4588,3
4589,13
4590,13
4591,4
4592,42
4593,1
4594,1
4595,18
4596,1
4597,1
4598,1
4599,1
4600,1
4601,1
4602,1
4603,42
4604,33
4605,42
4606,4
4607,4
4608,4
4609,33
4610,33
4611,33
4612,33
4613,37
4614,33
4615,14
4616,33
4617,33
4618,14
4619,13
4620,13
4621,13
4622,33
4623,42
4624,42
4625,33
4626,1
4627,1
4628,13
4629,13
4630,13
4631,13
4632,21
4633,21
4634,42
4635,42
4636,5
4637,18
4638,42
4639,33
4640,33
4641,33
4642,14
4643,42
4644,89
4645,33
4646,33
4647,4
4648,4
4649,14
4650,14
4651,3
4652,3
4653,12
4654,21
4655,33
4656,33
4657,33
4658,33
4659,33
4660,13
4661,31
4662,33
4663,5
4664,21
4665,21
4666,42
4667,42
4668,13
4669,5
4670,4
4671,4
4672,36
4673,36
